USE careernavigator;
SET NAMES utf8mb4;
SET CHARACTER SET utf8mb4;

-- Users (password: admin123 for admin, demo123 for demo)
INSERT INTO user (username, password, email, nickname, role, status) VALUES
('admin', '$2a$10$N.zmdr9k7uOCQb376NoUnuTJ8iAt6Z5EHsM8lE9lBOsl7i.k2', 'admin@careernavigator.com', 'Admin', 'ADMIN', 1),
('demo', '$2a$10$N.zmdr9k7uOCQb376NoUnuTJ8iAt6Z5EHsM8lE9lBOsl7i.k2', 'demo@example.com', 'Demo', 'USER', 1);

-- Job Categories (Level 1)
INSERT INTO job_category (id, parent_id, name, level, icon, sort_order, description) VALUES
(1, 0, '公务员', 1, 'government', 1, '国家公务员、省公务员、选调生等'),
(2, 0, '事业单位', 1, 'institution', 2, '教育、医疗、科研等事业单位'),
(3, 0, '国企', 1, 'state-owned', 3, '国有企业'),
(4, 0, '央企', 1, 'central-soe', 4, '中央企业'),
(5, 0, '私企', 1, 'private', 5, '民营企业'),
(6, 0, '外企', 1, 'foreign', 6, '外资企业'),
(7, 0, '军工', 1, 'military', 7, '军工企业及科研院所'),
(8, 0, '科研院所', 1, 'research', 8, '中国科学院、社科院等'),
(9, 0, '高校', 1, 'university', 9, '高等院校'),
(10, 0, 'AI创业', 1, 'ai-startup', 10, 'AI领域创业公司');

-- Job Categories (Level 2)
INSERT INTO job_category (id, parent_id, name, level, sort_order, description) VALUES
(101, 1, '国家公务员', 2, 1, '国考招录'),
(102, 1, '省公务员', 2, 2, '省考招录'),
(103, 1, '选调生', 2, 3, '中央/地方选调生'),
(104, 1, '税务局', 2, 4, '税务系统公务员'),
(105, 1, '海关', 2, 5, '海关系统公务员'),
(201, 2, '公立学校', 2, 1, '中小学、高职院校'),
(202, 2, '公立医院', 2, 2, '各级医院'),
(203, 2, '图书馆/档案馆', 2, 3, '公共文化机构'),
(204, 2, '疾控中心', 2, 4, '疾病预防控制中心'),
(301, 3, '国家电网', 2, 1, '国家电网有限公司'),
(302, 3, '三大运营商', 2, 2, '中国移动/联通/电信'),
(303, 3, '银行', 2, 3, '国有银行及股份制银行'),
(304, 3, '烟草局', 2, 4, '中国烟草总公司'),
(305, 3, '铁路局', 2, 5, '中国铁路各局集团'),
(401, 4, '中电科', 2, 1, '中国电子科技集团'),
(402, 4, '航天科技', 2, 2, '中国航天科技集团'),
(403, 4, '航天科工', 2, 3, '中国航天科工集团'),
(404, 4, '中船集团', 2, 4, '中国船舶集团'),
(405, 4, '中国中车', 2, 5, '中国中车集团'),
(501, 5, '互联网大厂', 2, 1, 'BAT/字节/美团/京东等'),
(502, 5, 'AI公司', 2, 2, '商汤/旷视/科大讯飞等'),
(503, 5, '半导体', 2, 3, '华为海思/中芯国际等'),
(504, 5, '新能源', 2, 4, '宁德时代/比亚迪等'),
(601, 6, '科技外企', 2, 1, '微软/谷歌/苹果等'),
(602, 6, '咨询公司', 2, 2, '麦肯锡/BCG/贝恩等'),
(603, 6, '会计师事务所', 2, 3, '四大(德勤/PwC/EY/KPMG)'),
(701, 7, '中航工业', 2, 1, '中国航空工业集团'),
(702, 7, '兵器工业', 2, 2, '中国兵器工业集团'),
(801, 8, '中科院系统', 2, 1, '中国科学院各研究所'),
(802, 8, '社科院系统', 2, 2, '中国社会科学院'),
(901, 9, '985高校', 2, 1, '985工程高校'),
(902, 9, '211高校', 2, 2, '211工程高校'),
(903, 9, '普通本科', 2, 3, '普通本科院校'),
(1001, 10, '大模型公司', 2, 1, '大模型研发创业公司'),
(1002, 10, 'AI应用', 2, 2, 'AI应用层创业公司'),
(1003, 10, '机器人', 2, 3, '机器人/具身智能公司');

-- Majors
INSERT INTO major (id, major_code, major_name, category, first_level, description, employment_direction, avg_salary, employment_rate, hot_score) VALUES
(1, '080701', '电子信息工程', '工学', '电子信息类', '培养电子技术和信息系统高级工程技术人才', '通信、电子、互联网、半导体、军工', 18.50, 95.20, 95),
(2, '080703', '通信工程', '工学', '电子信息类', '培养通信技术、通信系统高级工程技术人才', '运营商、通信设备商、互联网、军工', 19.00, 94.80, 92),
(3, '080901', '计算机科学与技术', '工学', '计算机类', '培养计算机科学与技术高级专门人才', '互联网、软件、AI、金融、游戏', 25.00, 97.50, 98),
(4, '080902', '软件工程', '工学', '计算机类', '培养软件开发、测试、维护高级专门人才', '互联网、软件公司、金融科技、游戏', 24.00, 97.00, 97),
(5, '080910T', '数据科学与大数据技术', '工学', '计算机类', '培养大数据思维复合型人才', '互联网、金融、咨询、AI公司', 23.00, 96.00, 96),
(6, '080917T', '人工智能', '工学', '计算机类', '培养AI基础理论和专业知识高级人才', 'AI公司、互联网、科研院所、机器人', 28.00, 96.50, 99),
(7, '080202', '机械设计制造及其自动化', '工学', '机械类', '培养机械设计制造高级工程技术人才', '制造业、汽车、航空、军工', 14.00, 92.00, 75),
(8, '080601', '电气工程及其自动化', '工学', '电气类', '培养电气工程高级工程技术人才', '国家电网、电力设计院、制造业', 16.00, 94.50, 88),
(9, '081001', '土木工程', '工学', '土木类', '培养土木工程高级工程技术人才', '建筑公司、设计院、房地产、公务员', 12.00, 88.00, 60),
(10, '081101', '化学工程与工艺', '工学', '化工与制药类', '培养化学工程高级工程技术人才', '化工企业、制药公司、新材料', 13.00, 90.00, 65),
(11, '100201K', '临床医学', '医学', '临床医学类', '培养临床医学高级专门人才', '公立医院、私立医院、医药公司', 15.00, 95.00, 85),
(12, '020101', '经济学', '经济学', '经济学类', '培养经济学高级专门人才', '银行、证券、政府机关、咨询', 16.00, 91.00, 80),
(13, '120201K', '工商管理', '管理学', '工商管理类', '培养管理、经济、法律复合型人才', '各类企业、银行、公务员', 14.00, 90.00, 78),
(14, '030101K', '法学', '法学', '法学类', '培养系统掌握法学知识高级专门人才', '律师事务所、法院、检察院、企业法务', 13.00, 88.00, 82),
(15, '070101', '数学与应用数学', '理学', '数学类', '培养数学科学高级专门人才', '金融、互联网、教育、科研院所', 17.00, 92.00, 76),
(16, '070201', '物理学', '理学', '物理学类', '培养物理学高级专门人才', '科研院所、高校、半导体、光电', 16.00, 90.00, 70),
(17, '080501', '能源与动力工程', '工学', '能源动力类', '培养能源动力工程高级人才', '电力、汽车、航空、新能源', 15.00, 93.00, 72),
(18, '082002', '飞行器设计与工程', '工学', '航空航天类', '培养飞行器设计高级工程技术人才', '航空航天科研院所、军工企业', 17.00, 95.00, 83),
(19, '080801', '自动化', '工学', '自动化类', '培养自动控制高级工程技术人才', '制造业、互联网、机器人、军工', 17.50, 94.00, 86),
(20, '120102', '信息管理与信息系统', '管理学', '管理科学与工程类', '培养信息管理复合型人才', '互联网、IT咨询、企业信息化', 16.00, 92.00, 74),
(21, '080401', '材料科学与工程', '工学', '材料类', '培养材料科学高级工程技术人才', '新材料、半导体、新能源、航空', 14.50, 91.00, 71),
(22, '081201', '测绘工程', '工学', '测绘类', '培养测绘工程高级工程技术人才', '测绘局、国土资源、GIS公司', 12.00, 90.00, 55),
(23, '082502', '环境工程', '工学', '环境科学与工程类', '培养环境工程高级工程技术人才', '环保局、环保公司、设计院', 11.00, 87.00, 58),
(24, '090101', '农学', '农学', '植物生产类', '培养作物生产高级科学技术人才', '农业科研院所、种业公司、公务员', 10.00, 85.00, 45),
(25, '050101', '汉语言文学', '文学', '中国语言文学类', '培养中国语言文学高级专门人才', '教育、出版、新媒体、公务员', 10.00, 88.00, 70),
(26, '050201', '英语', '文学', '外国语言文学类', '培养英语语言高级专门人才', '翻译、外贸、教育、外企', 11.00, 87.00, 68),
(27, '130502', '视觉传达设计', '艺术学', '设计学类', '培养视觉传达设计应用型人才', '广告公司、互联网、品牌设计', 12.00, 86.00, 65),
(28, '080717T', '海洋技术', '工学', '电子信息类', '培养海洋技术高级人才', '海洋局、海洋研究所、海洋工程', 13.00, 88.00, 50),
(29, '071001', '生物科学', '理学', '生物科学类', '培养生物科学高级专门人才', '科研院所、生物医药、教育', 12.00, 85.00, 62),
(30, '080904K', '信息安全', '工学', '计算机类', '培养信息安全高级专门人才', '网络安全公司、互联网、政府机关', 22.00, 96.00, 90);

-- Major-Job Mapping
INSERT INTO major_job_mapping (major_id, job_category_id, relevance_score, recommendation_level, description) VALUES
(3, 501, 95, 'S', '互联网大厂核心招聘专业'),
(3, 502, 90, 'S', 'AI公司算法岗首选'),
(3, 1001, 88, 'A', '大模型研发核心岗位'),
(3, 601, 85, 'A', '外企研发中心主力专业'),
(1, 302, 90, 'S', '运营商技术岗核心专业'),
(1, 401, 88, 'S', '中电科电子研发首选'),
(1, 701, 82, 'A', '航空电子系统开发'),
(2, 302, 95, 'S', '三大运营商核心招聘专业'),
(2, 401, 88, 'A', '中电科通信研发'),
(4, 501, 95, 'S', '互联网大厂开发岗首选'),
(4, 601, 88, 'A', '外企软件开发'),
(6, 502, 98, 'S', 'AI公司核心招聘专业'),
(6, 1001, 95, 'S', '大模型研发首选'),
(6, 501, 90, 'S', '互联网AI算法岗'),
(8, 301, 98, 'S', '国家电网第一招聘专业'),
(8, 405, 80, 'A', '中车电气系统'),
(14, 1, 90, 'S', '公检法系统核心专业'),
(14, 101, 88, 'S', '国考法学类岗位最多'),
(11, 202, 98, 'S', '公立医院临床岗位'),
(12, 303, 90, 'S', '银行核心招聘专业'),
(12, 104, 88, 'S', '税务局公务员'),
(18, 402, 98, 'S', '航天科技核心专业'),
(18, 403, 95, 'S', '航天科工导弹设计'),
(5, 501, 92, 'S', '互联网数据分析岗'),
(5, 303, 85, 'A', '银行数据建模'),
(28, 8, 75, 'B', '海洋科研院所'),
(28, 404, 70, 'B', '中船集团海洋装备');

-- Jobs
INSERT INTO job (category_id, job_name, company_name, company_type, salary_min, salary_max, city, province, education_req, experience_req, skills_required, description, is_civil_service, is_state_owned, hot_score) VALUES
(501, 'Java后端开发工程师', '字节跳动', '私企', 25.00, 50.00, '北京', '北京', '本科', '1-3年', '["Java","Spring Boot","MySQL","Redis"]', '负责核心业务系统设计与开发', 0, 0, 98),
(501, '前端开发工程师', '腾讯', '私企', 22.00, 45.00, '深圳', '广东', '本科', '1-3年', '["Vue","React","TypeScript"]', '负责Web前端开发', 0, 0, 95),
(501, '算法工程师', '阿里巴巴', '私企', 30.00, 60.00, '杭州', '浙江', '硕士', '1-3年', '["Python","PyTorch","TensorFlow"]', '负责推荐/搜索/NLP算法研发', 0, 0, 97),
(501, '产品经理', '美团', '私企', 20.00, 40.00, '北京', '北京', '本科', '1-3年', '["产品设计","数据分析","Axure"]', '负责产品规划与设计', 0, 0, 90),
(502, '大模型算法研究员', '智谱AI', '私企', 35.00, 70.00, '北京', '北京', '硕士', '不限', '["PyTorch","Transformer","NLP"]', '大模型预训练与微调研究', 0, 0, 99),
(502, 'CV算法工程师', '商汤科技', '私企', 30.00, 55.00, '深圳', '广东', '硕士', '1-3年', '["Python","OpenCV","PyTorch"]', '计算机视觉算法研发', 0, 0, 92),
(301, '电气工程师', '国家电网', '国企', 12.00, 25.00, '全国', '全国', '本科', '不限', '["电力系统","继电保护"]', '电力系统运行与维护', 0, 1, 95),
(301, '信息系统运维', '国家电网', '国企', 10.00, 20.00, '全国', '全国', '本科', '不限', '["Java","Linux","数据库"]', '信息系统开发运维', 0, 1, 85),
(302, '网络工程师', '中国移动', '国企', 10.00, 20.00, '全国', '全国', '本科', '不限', '["通信原理","网络技术"]', '通信网络规划与优化', 0, 1, 88),
(302, '软件开发工程师', '中国联通', '国企', 10.00, 18.00, '北京', '北京', '本科', '不限', '["Java","Python"]', '业务系统开发', 0, 1, 82),
(101, '综合管理岗', '中央部委', '公务员', 10.00, 15.00, '北京', '北京', '本科', '不限', '[]', '综合管理与协调工作', 1, 0, 90),
(101, '计算机岗', '工信部', '公务员', 10.00, 15.00, '北京', '北京', '本科', '不限', '["计算机基础"]', '信息化建设与管理', 1, 0, 88),
(104, '税务稽查岗', '国家税务总局', '公务员', 8.00, 13.00, '全国', '全国', '本科', '不限', '["财务","税务"]', '税务稽查与征管', 1, 0, 85),
(103, '选调生', '各省委组织部', '公务员', 8.00, 12.00, '全国', '全国', '本科', '不限', '[]', '基层锻炼培养干部', 1, 0, 87),
(401, '嵌入式软件工程师', '中国电科', '央企', 15.00, 30.00, '成都', '四川', '硕士', '不限', '["C/C++","嵌入式","RTOS"]', '嵌入式系统软件开发', 0, 1, 88),
(402, '航天工程师', '航天科技集团', '央企', 15.00, 28.00, '北京', '北京', '硕士', '不限', '["飞行器设计","控制理论"]', '航天器设计与研发', 0, 1, 92),
(403, '导弹总体设计师', '航天科工集团', '央企', 16.00, 30.00, '北京', '北京', '硕士', '不限', '["飞行力学","制导控制"]', '导弹武器系统总体设计', 0, 1, 90),
(601, 'Software Engineer', '微软中国', '外企', 30.00, 55.00, '北京', '北京', '本科', '1-3年', '["C++","C#","Azure"]', 'Cloud and AI product development', 0, 0, 93),
(601, 'ML Engineer', 'Google中国', '外企', 35.00, 65.00, '上海', '上海', '硕士', '1-3年', '["Python","TensorFlow","ML"]', 'Machine learning model development', 0, 0, 96),
(602, '咨询分析师', '麦肯锡', '外企', 25.00, 45.00, '上海', '上海', '硕士', '不限', '["数据分析","PPT","行业研究"]', '管理咨询项目分析', 0, 0, 88),
(303, '银行科技岗', '工商银行', '国企', 12.00, 25.00, '北京', '北京', '本科', '不限', '["Java","数据库","金融"]', '银行信息系统开发与运维', 0, 1, 86),
(303, '风控建模师', '招商银行', '国企', 15.00, 30.00, '深圳', '广东', '硕士', '1-3年', '["Python","SQL","统计学"]', '信贷风控模型开发', 0, 1, 84),
(801, '助理研究员', '中科院计算所', '科研院所', 15.00, 25.00, '北京', '北京', '博士', '不限', '["科研能力","论文发表"]', '计算机领域基础研究', 0, 0, 85),
(901, '讲师/副教授', '985高校', '高校', 15.00, 30.00, '全国', '全国', '博士', '不限', '["科研能力","教学能力"]', '教学与科研工作', 0, 0, 80),
(701, '飞机设计师', '中航工业', '军工', 14.00, 28.00, '西安', '陕西', '硕士', '不限', '["飞行器设计","气动分析"]', '军用飞机设计研发', 0, 1, 87),
(702, '武器系统工程师', '兵器工业集团', '军工', 13.00, 25.00, '北京', '北京', '硕士', '不限', '["武器系统","控制工程"]', '武器装备研发', 0, 1, 83),
(504, '电池研发工程师', '宁德时代', '私企', 18.00, 35.00, '宁德', '福建', '硕士', '不限', '["电化学","材料学"]', '动力电池研发', 0, 0, 88),
(504, '智能驾驶算法', '比亚迪', '私企', 22.00, 40.00, '深圳', '广东', '硕士', '1-3年', '["C++","感知算法","规划控制"]', '自动驾驶算法开发', 0, 0, 91);
